Timestamp          |GPU0_Temp|GPU0_TDP|GPU0_Thro|GPU1_Temp|GPU1_TDP|GPU1_Thro|GPU2_Temp|GPU2_TDP|GPU2_Thro|GPU3_Temp|GPU3_TDP|GPU3_Thro|GPU4_Temp|GPU4_TDP|GPU4_Thro|GPU5_Temp|GPU5_TDP|GPU5_Thro|GPU6_Temp|GPU6_TDP|GPU6_Thro|GPU7_Temp|GPU7_TDP|GPU7_Thro
2025-08-14 17:43:55|  27 C  | 44.41 W |  89 C  |  26 C  | 42.84 W |  89 C  |  25 C  | 43.22 W |  89 C  |  29 C  | 62.49 W |  89 C  |  27 C  | 63.75 W |  89 C  |  27 C  | 63.43 W |  89 C  |  28 C  | 65.83 W |  89 C  |  28 C  | 64.62 W |  89 C  
2025-08-14 17:43:57|  27 C  | 44.41 W |  89 C  |  26 C  | 42.44 W |  89 C  |  25 C  | 42.53 W |  89 C  |  28 C  | 42.15 W |  89 C  |  27 C  | 44.00 W |  89 C  |  26 C  | 42.60 W |  89 C  |  28 C  | 44.56 W |  89 C  |  27 C  | 43.39 W |  89 C  
2025-08-14 17:44:00|  27 C  | 44.41 W |  89 C  |  26 C  | 42.45 W |  89 C  |  25 C  | 42.53 W |  89 C  |  28 C  | 42.05 W |  89 C  |  27 C  | 44.01 W |  89 C  |  26 C  | 42.72 W |  89 C  |  27 C  | 44.77 W |  89 C  |  27 C  | 43.39 W |  89 C  
2025-08-14 17:44:02|  27 C  | 44.31 W |  89 C  |  26 C  | 42.44 W |  89 C  |  25 C  | 42.53 W |  89 C  |  28 C  | 41.95 W |  89 C  |  26 C  | 43.92 W |  89 C  |  26 C  | 42.62 W |  89 C  |  27 C  | 44.76 W |  89 C  |  27 C  | 43.29 W |  89 C  
2025-08-14 17:44:04|  27 C  | 44.31 W |  89 C  |  26 C  | 42.35 W |  89 C  |  25 C  | 42.53 W |  89 C  |  28 C  | 42.05 W |  89 C  |  26 C  | 43.81 W |  89 C  |  26 C  | 42.60 W |  89 C  |  27 C  | 44.77 W |  89 C  |  27 C  | 43.29 W |  89 C  
2025-08-14 17:44:06|  27 C  | 44.31 W |  89 C  |  26 C  | 42.45 W |  89 C  |  25 C  | 42.63 W |  89 C  |  28 C  | 42.14 W |  89 C  |  26 C  | 43.91 W |  89 C  |  26 C  | 42.60 W |  89 C  |  27 C  | 44.66 W |  89 C  |  27 C  | 43.39 W |  89 C  
2025-08-14 17:44:09|  27 C  | 44.31 W |  89 C  |  26 C  | 42.46 W |  89 C  |  25 C  | 42.63 W |  89 C  |  28 C  | 42.06 W |  89 C  |  26 C  | 43.91 W |  89 C  |  26 C  | 42.62 W |  89 C  |  27 C  | 44.27 W |  89 C  |  27 C  | 43.29 W |  89 C  
2025-08-14 17:44:11|  27 C  | 44.31 W |  89 C  |  26 C  | 42.55 W |  89 C  |  25 C  | 42.42 W |  89 C  |  28 C  | 41.95 W |  89 C  |  26 C  | 44.01 W |  89 C  |  26 C  | 42.62 W |  89 C  |  27 C  | 44.26 W |  89 C  |  27 C  | 43.18 W |  89 C  
2025-08-14 17:44:13|  27 C  | 44.21 W |  89 C  |  26 C  | 42.35 W |  89 C  |  25 C  | 42.53 W |  89 C  |  28 C  | 42.05 W |  89 C  |  26 C  | 43.92 W |  89 C  |  26 C  | 42.52 W |  89 C  |  27 C  | 44.77 W |  89 C  |  27 C  | 43.28 W |  89 C  
2025-08-14 17:44:16|  27 C  | 44.41 W |  89 C  |  26 C  | 42.45 W |  89 C  |  25 C  | 42.53 W |  89 C  |  28 C  | 42.05 W |  89 C  |  26 C  | 43.91 W |  89 C  |  26 C  | 42.52 W |  89 C  |  27 C  | 44.46 W |  89 C  |  27 C  | 43.29 W |  89 C  
2025-08-14 17:44:18|  27 C  | 44.31 W |  89 C  |  25 C  | 42.35 W |  89 C  |  25 C  | 42.53 W |  89 C  |  28 C  | 42.05 W |  89 C  |  26 C  | 43.82 W |  89 C  |  26 C  | 42.62 W |  89 C  |  27 C  | 44.37 W |  89 C  |  27 C  | 43.29 W |  89 C  
2025-08-14 17:44:20|  27 C  | 44.41 W |  89 C  |  25 C  | 42.35 W |  89 C  |  25 C  | 42.53 W |  89 C  |  28 C  | 42.05 W |  89 C  |  26 C  | 43.92 W |  89 C  |  26 C  | 42.70 W |  89 C  |  27 C  | 44.65 W |  89 C  |  27 C  | 43.39 W |  89 C  
2025-08-14 17:44:23|  28 C  | 65.93 W |  89 C  |  26 C  | 43.04 W |  89 C  |  25 C  | 62.56 W |  89 C  |  28 C  | 62.29 W |  89 C  |  27 C  | 63.36 W |  89 C  |  26 C  | 61.54 W |  89 C  |  27 C  | 65.64 W |  89 C  |  27 C  | 63.83 W |  89 C  
2025-08-14 17:44:25|  27 C  | 44.41 W |  89 C  |  26 C  | 42.45 W |  89 C  |  25 C  | 42.63 W |  89 C  |  28 C  | 42.05 W |  89 C  |  26 C  | 43.91 W |  89 C  |  26 C  | 42.72 W |  89 C  |  27 C  | 44.27 W |  89 C  |  27 C  | 43.78 W |  89 C  
2025-08-14 17:44:28|  28 C  | 66.63 W |  89 C  |  26 C  | 62.79 W |  89 C  |  25 C  | 63.35 W |  89 C  |  29 C  | 62.49 W |  89 C  |  27 C  | 63.95 W |  89 C  |  26 C  | 63.33 W |  89 C  |  28 C  | 65.73 W |  89 C  |  27 C  | 64.72 W |  89 C  
2025-08-14 17:44:34|  27 C  | 65.04 W |  89 C  |  26 C  | 63.49 W |  89 C  |  25 C  | 62.27 W |  89 C  |  28 C  | 63.89 W |  89 C  |  27 C  | 64.46 W |  89 C  |  26 C  | 63.93 W |  89 C  |  28 C  | 67.02 W |  89 C  |  27 C  | 64.72 W |  89 C  
2025-08-14 17:44:41|  28 C  | 44.41 W |  89 C  |  26 C  | 42.55 W |  89 C  |  25 C  | 42.63 W |  89 C  |  29 C  | 42.24 W |  89 C  |  27 C  | 44.21 W |  89 C  |  26 C  | 42.70 W |  89 C  |  27 C  | 44.48 W |  89 C  |  27 C  | 43.50 W |  89 C  
2025-08-14 17:44:46|  27 C  | 44.51 W |  89 C  |  26 C  | 42.55 W |  89 C  |  25 C  | 42.63 W |  89 C  |  28 C  | 42.15 W |  89 C  |  27 C  | 44.21 W |  89 C  |  26 C  | 42.80 W |  89 C  |  27 C  | 44.46 W |  89 C  |  27 C  | 43.38 W |  89 C  
2025-08-14 17:44:49|  28 C  | 65.45 W |  89 C  |  27 C  | 62.39 W |  89 C  |  25 C  | 62.06 W |  89 C  |  29 C  | 62.10 W |  89 C  |  27 C  | 64.46 W |  89 C  |  27 C  | 67.89 W |  89 C  |  28 C  | 65.23 W |  89 C  |  27 C  | 64.72 W |  89 C  
2025-08-14 17:44:54|  28 C  | 67.01 W |  89 C  |  27 C  | 64.09 W |  89 C  |  26 C  | 63.25 W |  89 C  |  29 C  | 63.09 W |  89 C  |  27 C  | 65.23 W |  89 C  |  27 C  | 62.81 W |  89 C  |  28 C  | 65.93 W |  89 C  |  28 C  | 65.61 W |  89 C  
2025-08-14 17:44:57|  36 C  | 274.55 W |  89 C  |  34 C  | 303.10 W |  89 C  |  34 C  | 308.58 W |  89 C  |  37 C  | 316.89 W |  89 C  |  33 C  | 279.79 W |  89 C  |  34 C  | 309.11 W |  89 C  |  35 C  | 296.01 W |  89 C  |  35 C  | 304.41 W |  89 C  
2025-08-14 17:44:59|  38 C  | 300.86 W |  89 C  |  36 C  | 309.39 W |  89 C  |  36 C  | 295.29 W |  89 C  |  39 C  | 301.84 W |  89 C  |  36 C  | 308.77 W |  89 C  |  36 C  | 304.72 W |  89 C  |  37 C  | 293.74 W |  89 C  |  37 C  | 313.48 W |  89 C  
2025-08-14 17:45:02|  39 C  | 308.79 W |  89 C  |  38 C  | 296.88 W |  89 C  |  37 C  | 291.09 W |  89 C  |  40 C  | 299.78 W |  89 C  |  37 C  | 301.92 W |  89 C  |  37 C  | 286.71 W |  89 C  |  39 C  | 296.70 W |  89 C  |  38 C  | 295.80 W |  89 C  
2025-08-14 17:45:04|  41 C  | 299.90 W |  89 C  |  39 C  | 293.64 W |  89 C  |  38 C  | 298.02 W |  89 C  |  41 C  | 294.36 W |  89 C  |  38 C  | 305.26 W |  89 C  |  38 C  | 279.36 W |  89 C  |  40 C  | 311.77 W |  89 C  |  39 C  | 300.20 W |  89 C  
2025-08-14 17:45:07|  42 C  | 312.40 W |  89 C  |  40 C  | 304.12 W |  89 C  |  39 C  | 285.30 W |  89 C  |  42 C  | 310.84 W |  89 C  |  39 C  | 301.43 W |  89 C  |  40 C  | 307.26 W |  89 C  |  41 C  | 288.07 W |  89 C  |  40 C  | 302.15 W |  89 C  
2025-08-14 17:45:09|  43 C  | 299.01 W |  89 C  |  41 C  | 283.74 W |  89 C  |  40 C  | 292.34 W |  89 C  |  43 C  | 298.51 W |  89 C  |  40 C  | 300.37 W |  89 C  |  41 C  | 297.19 W |  89 C  |  42 C  | 313.32 W |  89 C  |  41 C  | 296.47 W |  89 C  
2025-08-14 17:45:11|  43 C  | 302.03 W |  89 C  |  42 C  | 316.15 W |  89 C  |  41 C  | 301.25 W |  89 C  |  44 C  | 303.92 W |  89 C  |  41 C  | 312.60 W |  89 C  |  41 C  | 309.22 W |  89 C  |  43 C  | 292.55 W |  89 C  |  42 C  | 287.66 W |  89 C  
2025-08-14 17:45:14|  45 C  | 298.71 W |  89 C  |  43 C  | 304.22 W |  89 C  |  42 C  | 294.01 W |  89 C  |  45 C  | 302.52 W |  89 C  |  42 C  | 298.89 W |  89 C  |  42 C  | 307.45 W |  89 C  |  44 C  | 300.50 W |  89 C  |  43 C  | 290.50 W |  89 C  
2025-08-14 17:45:16|  45 C  | 314.18 W |  89 C  |  44 C  | 287.07 W |  89 C  |  43 C  | 304.19 W |  89 C  |  46 C  | 286.40 W |  89 C  |  43 C  | 307.21 W |  89 C  |  43 C  | 305.98 W |  89 C  |  45 C  | 301.88 W |  89 C  |  44 C  | 292.44 W |  89 C  
2025-08-14 17:45:19|  46 C  | 312.70 W |  89 C  |  44 C  | 292.96 W |  89 C  |  44 C  | 306.53 W |  89 C  |  47 C  | 287.51 W |  89 C  |  44 C  | 282.52 W |  89 C  |  44 C  | 312.43 W |  89 C  |  45 C  | 300.52 W |  89 C  |  45 C  | 291.30 W |  89 C  
2025-08-14 17:45:21|  47 C  | 286.41 W |  89 C  |  45 C  | 293.93 W |  89 C  |  45 C  | 299.39 W |  89 C  |  48 C  | 306.84 W |  89 C  |  45 C  | 285.86 W |  89 C  |  45 C  | 288.86 W |  89 C  |  46 C  | 310.13 W |  89 C  |  45 C  | 296.28 W |  89 C  
2025-08-14 17:45:23|  48 C  | 292.07 W |  89 C  |  45 C  | 279.85 W |  89 C  |  45 C  | 312.78 W |  89 C  |  49 C  | 288.21 W |  89 C  |  45 C  | 286.88 W |  89 C  |  46 C  | 293.38 W |  89 C  |  47 C  | 310.01 W |  89 C  |  46 C  | 284.14 W |  89 C  
2025-08-14 17:45:26|  48 C  | 296.64 W |  89 C  |  46 C  | 300.88 W |  89 C  |  46 C  | 292.24 W |  89 C  |  49 C  | 297.04 W |  89 C  |  46 C  | 283.51 W |  89 C  |  46 C  | 299.05 W |  89 C  |  47 C  | 318.92 W |  89 C  |  47 C  | 308.02 W |  89 C  
2025-08-14 17:45:28|  49 C  | 288.34 W |  89 C  |  47 C  | 292.46 W |  89 C  |  47 C  | 295.18 W |  89 C  |  50 C  | 283.00 W |  89 C  |  47 C  | 303.60 W |  89 C  |  47 C  | 305.20 W |  89 C  |  48 C  | 303.44 W |  89 C  |  47 C  | 288.52 W |  89 C  
2025-08-14 17:45:31|  50 C  | 313.77 W |  89 C  |  48 C  | 294.33 W |  89 C  |  47 C  | 316.02 W |  89 C  |  50 C  | 280.65 W |  89 C  |  47 C  | 304.76 W |  89 C  |  47 C  | 305.41 W |  89 C  |  49 C  | 288.85 W |  89 C  |  48 C  | 315.73 W |  89 C  
2025-08-14 17:45:33|  50 C  | 300.64 W |  89 C  |  48 C  | 311.45 W |  89 C  |  47 C  | 295.26 W |  89 C  |  51 C  | 311.72 W |  89 C  |  48 C  | 308.11 W |  89 C  |  48 C  | 311.46 W |  89 C  |  49 C  | 278.91 W |  89 C  |  48 C  | 308.50 W |  89 C  
2025-08-14 17:45:35|  51 C  | 301.36 W |  89 C  |  48 C  | 305.71 W |  89 C  |  48 C  | 284.42 W |  89 C  |  51 C  | 291.19 W |  89 C  |  48 C  | 292.82 W |  89 C  |  49 C  | 292.86 W |  89 C  |  50 C  | 293.24 W |  89 C  |  49 C  | 302.26 W |  89 C  
2025-08-14 17:45:38|  51 C  | 292.54 W |  89 C  |  49 C  | 295.62 W |  89 C  |  49 C  | 315.99 W |  89 C  |  52 C  | 305.81 W |  89 C  |  49 C  | 289.60 W |  89 C  |  49 C  | 301.87 W |  89 C  |  50 C  | 312.08 W |  89 C  |  49 C  | 310.37 W |  89 C  
2025-08-14 17:45:40|  52 C  | 301.75 W |  89 C  |  50 C  | 300.38 W |  89 C  |  49 C  | 300.75 W |  89 C  |  52 C  | 308.39 W |  89 C  |  49 C  | 297.50 W |  89 C  |  50 C  | 308.42 W |  89 C  |  51 C  | 293.65 W |  89 C  |  50 C  | 299.22 W |  89 C  
2025-08-14 17:45:42|  52 C  | 303.48 W |  89 C  |  50 C  | 300.49 W |  89 C  |  50 C  | 292.03 W |  89 C  |  53 C  | 305.05 W |  89 C  |  50 C  | 281.06 W |  89 C  |  50 C  | 302.44 W |  89 C  |  51 C  | 297.18 W |  89 C  |  50 C  | 293.32 W |  89 C  
2025-08-14 17:45:45|  53 C  | 314.84 W |  89 C  |  50 C  | 296.38 W |  89 C  |  50 C  | 304.77 W |  89 C  |  53 C  | 301.23 W |  89 C  |  50 C  | 312.22 W |  89 C  |  50 C  | 297.08 W |  89 C  |  51 C  | 288.28 W |  89 C  |  51 C  | 306.91 W |  89 C  
2025-08-14 17:45:47|  53 C  | 283.14 W |  89 C  |  51 C  | 291.41 W |  89 C  |  50 C  | 299.19 W |  89 C  |  54 C  | 317.10 W |  89 C  |  51 C  | 308.75 W |  89 C  |  51 C  | 311.74 W |  89 C  |  52 C  | 300.35 W |  89 C  |  51 C  | 300.48 W |  89 C  
2025-08-14 17:45:50|  53 C  | 301.55 W |  89 C  |  51 C  | 284.16 W |  89 C  |  51 C  | 308.47 W |  89 C  |  54 C  | 292.64 W |  89 C  |  51 C  | 295.67 W |  89 C  |  51 C  | 302.39 W |  89 C  |  52 C  | 285.89 W |  89 C  |  52 C  | 291.01 W |  89 C  
2025-08-14 17:45:52|  54 C  | 304.38 W |  89 C  |  52 C  | 292.37 W |  89 C  |  51 C  | 302.62 W |  89 C  |  55 C  | 301.34 W |  89 C  |  51 C  | 300.65 W |  89 C  |  52 C  | 300.70 W |  89 C  |  53 C  | 308.75 W |  89 C  |  52 C  | 300.17 W |  89 C  
2025-08-14 17:45:54|  54 C  | 287.75 W |  89 C  |  52 C  | 291.01 W |  89 C  |  52 C  | 300.56 W |  89 C  |  55 C  | 300.27 W |  89 C  |  52 C  | 294.49 W |  89 C  |  52 C  | 288.95 W |  89 C  |  53 C  | 312.58 W |  89 C  |  52 C  | 301.16 W |  89 C  
2025-08-14 17:45:57|  55 C  | 306.24 W |  89 C  |  52 C  | 301.95 W |  89 C  |  52 C  | 303.41 W |  89 C  |  55 C  | 308.30 W |  89 C  |  52 C  | 304.76 W |  89 C  |  52 C  | 301.64 W |  89 C  |  53 C  | 310.89 W |  89 C  |  53 C  | 312.59 W |  89 C  
2025-08-14 17:45:59|  55 C  | 284.15 W |  89 C  |  53 C  | 298.84 W |  89 C  |  52 C  | 302.12 W |  89 C  |  56 C  | 313.39 W |  89 C  |  53 C  | 303.20 W |  89 C  |  53 C  | 310.38 W |  89 C  |  54 C  | 321.16 W |  89 C  |  53 C  | 290.50 W |  89 C  
2025-08-14 17:46:02|  55 C  | 310.33 W |  89 C  |  53 C  | 287.30 W |  89 C  |  53 C  | 305.15 W |  89 C  |  56 C  | 281.84 W |  89 C  |  53 C  | 290.09 W |  89 C  |  53 C  | 290.15 W |  89 C  |  54 C  | 294.37 W |  89 C  |  53 C  | 306.98 W |  89 C  
2025-08-14 17:46:04|  56 C  | 307.51 W |  89 C  |  53 C  | 299.12 W |  89 C  |  53 C  | 297.03 W |  89 C  |  57 C  | 291.74 W |  89 C  |  53 C  | 304.66 W |  89 C  |  53 C  | 297.86 W |  89 C  |  54 C  | 296.10 W |  89 C  |  54 C  | 311.34 W |  89 C  
2025-08-14 17:46:06|  56 C  | 287.58 W |  89 C  |  54 C  | 290.16 W |  89 C  |  53 C  | 294.39 W |  89 C  |  57 C  | 285.38 W |  89 C  |  53 C  | 303.18 W |  89 C  |  54 C  | 289.33 W |  89 C  |  54 C  | 306.40 W |  89 C  |  54 C  | 306.24 W |  89 C  
2025-08-14 17:46:09|  57 C  | 297.04 W |  89 C  |  54 C  | 284.53 W |  89 C  |  54 C  | 302.23 W |  89 C  |  57 C  | 305.75 W |  89 C  |  54 C  | 308.99 W |  89 C  |  54 C  | 306.29 W |  89 C  |  55 C  | 314.43 W |  89 C  |  54 C  | 280.82 W |  89 C  
2025-08-14 17:46:11|  57 C  | 294.30 W |  89 C  |  54 C  | 295.01 W |  89 C  |  54 C  | 289.23 W |  89 C  |  57 C  | 284.68 W |  89 C  |  54 C  | 306.14 W |  89 C  |  54 C  | 281.54 W |  89 C  |  55 C  | 302.72 W |  89 C  |  54 C  | 292.18 W |  89 C  
2025-08-14 17:46:13|  57 C  | 288.44 W |  89 C  |  54 C  | 300.19 W |  89 C  |  54 C  | 309.75 W |  89 C  |  57 C  | 297.42 W |  89 C  |  54 C  | 282.45 W |  89 C  |  54 C  | 302.95 W |  89 C  |  55 C  | 302.47 W |  89 C  |  55 C  | 275.88 W |  89 C  
2025-08-14 17:46:16|  57 C  | 298.72 W |  89 C  |  55 C  | 304.99 W |  89 C  |  54 C  | 306.82 W |  89 C  |  58 C  | 280.45 W |  89 C  |  55 C  | 311.62 W |  89 C  |  55 C  | 281.90 W |  89 C  |  56 C  | 292.08 W |  89 C  |  55 C  | 300.86 W |  89 C  
2025-08-14 17:46:18|  57 C  | 294.32 W |  89 C  |  55 C  | 308.92 W |  89 C  |  54 C  | 305.94 W |  89 C  |  58 C  | 292.22 W |  89 C  |  55 C  | 294.19 W |  89 C  |  55 C  | 301.89 W |  89 C  |  56 C  | 302.86 W |  89 C  |  55 C  | 287.56 W |  89 C  
2025-08-14 17:46:21|  58 C  | 300.97 W |  89 C  |  55 C  | 277.70 W |  89 C  |  55 C  | 299.69 W |  89 C  |  58 C  | 292.28 W |  89 C  |  55 C  | 316.49 W |  89 C  |  55 C  | 281.21 W |  89 C  |  56 C  | 305.12 W |  89 C  |  55 C  | 288.15 W |  89 C  
2025-08-14 17:46:23|  58 C  | 299.29 W |  89 C  |  55 C  | 299.33 W |  89 C  |  55 C  | 313.85 W |  89 C  |  58 C  | 285.32 W |  89 C  |  55 C  | 306.72 W |  89 C  |  55 C  | 304.81 W |  89 C  |  56 C  | 278.12 W |  89 C  |  55 C  | 302.25 W |  89 C  
2025-08-14 17:46:25|  58 C  | 308.39 W |  89 C  |  55 C  | 304.49 W |  89 C  |  55 C  | 288.13 W |  89 C  |  58 C  | 306.52 W |  89 C  |  55 C  | 313.07 W |  89 C  |  55 C  | 313.12 W |  89 C  |  56 C  | 294.93 W |  89 C  |  56 C  | 309.09 W |  89 C  
2025-08-14 17:46:28|  58 C  | 288.26 W |  89 C  |  56 C  | 288.95 W |  89 C  |  55 C  | 298.71 W |  89 C  |  59 C  | 288.52 W |  89 C  |  56 C  | 284.78 W |  89 C  |  55 C  | 286.90 W |  89 C  |  56 C  | 304.64 W |  89 C  |  56 C  | 301.95 W |  89 C  
2025-08-14 17:46:30|  58 C  | 308.50 W |  89 C  |  56 C  | 282.76 W |  89 C  |  56 C  | 312.20 W |  89 C  |  59 C  | 297.92 W |  89 C  |  56 C  | 301.44 W |  89 C  |  56 C  | 287.11 W |  89 C  |  57 C  | 304.53 W |  89 C  |  56 C  | 304.21 W |  89 C  
2025-08-14 17:46:32|  59 C  | 306.14 W |  89 C  |  56 C  | 304.30 W |  89 C  |  56 C  | 295.08 W |  89 C  |  59 C  | 296.17 W |  89 C  |  56 C  | 313.27 W |  89 C  |  56 C  | 305.31 W |  89 C  |  57 C  | 311.98 W |  89 C  |  56 C  | 289.93 W |  89 C  
2025-08-14 17:46:35|  59 C  | 286.58 W |  89 C  |  56 C  | 306.17 W |  89 C  |  56 C  | 298.35 W |  89 C  |  59 C  | 305.55 W |  89 C  |  56 C  | 310.63 W |  89 C  |  56 C  | 306.97 W |  89 C  |  57 C  | 301.90 W |  89 C  |  56 C  | 306.36 W |  89 C  
2025-08-14 17:46:37|  59 C  | 291.58 W |  89 C  |  56 C  | 296.18 W |  89 C  |  56 C  | 303.30 W |  89 C  |  60 C  | 307.80 W |  89 C  |  57 C  | 299.09 W |  89 C  |  56 C  | 305.50 W |  89 C  |  57 C  | 302.78 W |  89 C  |  57 C  | 286.18 W |  89 C  
2025-08-14 17:46:40|  59 C  | 287.82 W |  89 C  |  57 C  | 305.57 W |  89 C  |  56 C  | 294.39 W |  89 C  |  60 C  | 300.24 W |  89 C  |  57 C  | 287.76 W |  89 C  |  57 C  | 300.12 W |  89 C  |  57 C  | 297.39 W |  89 C  |  57 C  | 305.20 W |  89 C  
2025-08-14 17:46:42|  59 C  | 308.29 W |  89 C  |  57 C  | 296.29 W |  89 C  |  56 C  | 281.64 W |  89 C  |  60 C  | 311.03 W |  89 C  |  57 C  | 293.33 W |  89 C  |  57 C  | 306.46 W |  89 C  |  57 C  | 309.94 W |  89 C  |  57 C  | 310.16 W |  89 C  
2025-08-14 17:46:44|  60 C  | 305.93 W |  89 C  |  57 C  | 294.89 W |  89 C  |  57 C  | 310.72 W |  89 C  |  60 C  | 288.20 W |  89 C  |  57 C  | 287.83 W |  89 C  |  57 C  | 294.62 W |  89 C  |  58 C  | 299.16 W |  89 C  |  57 C  | 281.19 W |  89 C  
2025-08-14 17:46:47|  60 C  | 295.95 W |  89 C  |  57 C  | 297.17 W |  89 C  |  57 C  | 311.90 W |  89 C  |  60 C  | 290.93 W |  89 C  |  57 C  | 303.50 W |  89 C  |  57 C  | 304.82 W |  89 C  |  58 C  | 294.44 W |  89 C  |  57 C  | 285.40 W |  89 C  
2025-08-14 17:46:49|  60 C  | 291.24 W |  89 C  |  57 C  | 297.95 W |  89 C  |  57 C  | 304.08 W |  89 C  |  60 C  | 302.00 W |  89 C  |  57 C  | 299.51 W |  89 C  |  57 C  | 309.02 W |  89 C  |  58 C  | 295.71 W |  89 C  |  58 C  | 312.04 W |  89 C  
2025-08-14 17:46:51|  60 C  | 276.27 W |  89 C  |  57 C  | 295.20 W |  89 C  |  57 C  | 310.45 W |  89 C  |  60 C  | 290.56 W |  89 C  |  57 C  | 316.29 W |  89 C  |  57 C  | 306.17 W |  89 C  |  58 C  | 309.44 W |  89 C  |  58 C  | 287.07 W |  89 C  
2025-08-14 17:46:54|  60 C  | 304.29 W |  89 C  |  57 C  | 310.18 W |  89 C  |  57 C  | 304.46 W |  89 C  |  61 C  | 297.55 W |  89 C  |  57 C  | 301.93 W |  89 C  |  57 C  | 293.58 W |  89 C  |  58 C  | 294.95 W |  89 C  |  58 C  | 285.18 W |  89 C  
2025-08-14 17:46:56|  60 C  | 308.10 W |  89 C  |  58 C  | 299.72 W |  89 C  |  57 C  | 292.44 W |  89 C  |  61 C  | 292.13 W |  89 C  |  57 C  | 286.65 W |  89 C  |  57 C  | 290.61 W |  89 C  |  58 C  | 285.61 W |  89 C  |  58 C  | 306.15 W |  89 C  
2025-08-14 17:46:58|  60 C  | 318.06 W |  89 C  |  58 C  | 292.79 W |  89 C  |  57 C  | 271.18 W |  89 C  |  61 C  | 294.98 W |  89 C  |  58 C  | 283.42 W |  89 C  |  58 C  | 299.24 W |  89 C  |  58 C  | 303.85 W |  89 C  |  58 C  | 297.07 W |  89 C  
2025-08-14 17:47:01|  61 C  | 315.25 W |  89 C  |  58 C  | 309.00 W |  89 C  |  57 C  | 273.56 W |  89 C  |  61 C  | 291.15 W |  89 C  |  58 C  | 302.60 W |  89 C  |  58 C  | 307.54 W |  89 C  |  59 C  | 307.46 W |  89 C  |  58 C  | 304.57 W |  89 C  
2025-08-14 17:47:03|  61 C  | 303.79 W |  89 C  |  58 C  | 286.89 W |  89 C  |  58 C  | 293.34 W |  89 C  |  61 C  | 284.98 W |  89 C  |  58 C  | 297.82 W |  89 C  |  58 C  | 311.06 W |  89 C  |  59 C  | 303.55 W |  89 C  |  58 C  | 290.89 W |  89 C  
2025-08-14 17:47:05|  61 C  | 299.20 W |  89 C  |  58 C  | 291.99 W |  89 C  |  57 C  | 286.67 W |  89 C  |  61 C  | 297.43 W |  89 C  |  58 C  | 306.53 W |  89 C  |  58 C  | 284.35 W |  89 C  |  59 C  | 301.98 W |  89 C  |  58 C  | 307.04 W |  89 C  
2025-08-14 17:47:08|  61 C  | 289.91 W |  89 C  |  58 C  | 306.27 W |  89 C  |  58 C  | 296.56 W |  89 C  |  61 C  | 311.32 W |  89 C  |  58 C  | 299.88 W |  89 C  |  58 C  | 298.86 W |  89 C  |  59 C  | 291.11 W |  89 C  |  58 C  | 292.16 W |  89 C  
2025-08-14 17:47:10|  61 C  | 292.93 W |  89 C  |  58 C  | 316.52 W |  89 C  |  58 C  | 291.58 W |  89 C  |  61 C  | 312.11 W |  89 C  |  58 C  | 281.45 W |  89 C  |  58 C  | 311.27 W |  89 C  |  59 C  | 300.23 W |  89 C  |  59 C  | 303.44 W |  89 C  
2025-08-14 17:47:13|  55 C  | 83.80 W |  89 C  |  58 C  | 303.34 W |  89 C  |  58 C  | 312.03 W |  89 C  |  62 C  | 302.81 W |  89 C  |  53 C  | 80.84 W |  89 C  |  58 C  | 289.05 W |  89 C  |  59 C  | 313.97 W |  89 C  |  58 C  | 290.79 W |  89 C  
2025-08-14 17:47:15|  54 C  | 81.96 W |  89 C  |  58 C  | 289.70 W |  89 C  |  58 C  | 78.84 W |  89 C  |  62 C  | 200.30 W |  89 C  |  52 C  | 79.71 W |  89 C  |  58 C  | 103.37 W |  89 C  |  59 C  | 288.23 W |  89 C  |  59 C  | 309.32 W |  89 C  
2025-08-14 17:47:17|  52 C  | 53.33 W |  89 C  |  53 C  | 71.85 W |  89 C  |  51 C  | 50.18 W |  89 C  |  55 C  | 73.12 W |  89 C  |  50 C  | 52.64 W |  89 C  |  52 C  | 73.85 W |  89 C  |  53 C  | 78.64 W |  89 C  |  53 C  | 81.99 W |  89 C  
2025-08-14 17:47:21|  50 C  | 52.96 W |  89 C  |  50 C  | 70.06 W |  89 C  |  49 C  | 49.48 W |  89 C  |  53 C  | 48.42 W |  89 C  |  48 C  | 80.21 W |  89 C  |  50 C  | 72.95 W |  89 C  |  51 C  | 76.66 W |  89 C  |  51 C  | 73.66 W |  89 C  
2025-08-14 17:47:24|  49 C  | 78.31 W |  89 C  |  49 C  | 47.73 W |  89 C  |  47 C  | 48.79 W |  89 C  |  51 C  | 48.13 W |  89 C  |  47 C  | 78.05 W |  89 C  |  48 C  | 49.07 W |  89 C  |  49 C  | 51.27 W |  89 C  |  49 C  | 49.06 W |  89 C  
2025-08-14 17:47:27|  48 C  | 77.03 W |  89 C  |  47 C  | 47.82 W |  89 C  |  46 C  | 48.40 W |  89 C  |  49 C  | 47.44 W |  89 C  |  46 C  | 50.68 W |  89 C  |  47 C  | 48.76 W |  89 C  |  47 C  | 50.54 W |  89 C  |  47 C  | 48.46 W |  89 C  
2025-08-14 17:47:30|  46 C  | 75.72 W |  89 C  |  46 C  | 70.24 W |  89 C  |  45 C  | 72.08 W |  89 C  |  49 C  | 72.32 W |  89 C  |  45 C  | 73.99 W |  89 C  |  46 C  | 70.85 W |  89 C  |  46 C  | 49.72 W |  89 C  |  46 C  | 47.75 W |  89 C  
2025-08-14 17:47:35|  45 C  | 74.44 W |  89 C  |  44 C  | 67.46 W |  89 C  |  43 C  | 72.99 W |  89 C  |  47 C  | 67.17 W |  89 C  |  43 C  | 72.71 W |  89 C  |  44 C  | 69.12 W |  89 C  |  44 C  | 50.13 W |  89 C  |  45 C  | 47.36 W |  89 C  
2025-08-14 17:47:41|  44 C  | 74.29 W |  89 C  |  42 C  | 46.04 W |  89 C  |  41 C  | 46.71 W |  89 C  |  44 C  | 45.94 W |  89 C  |  42 C  | 71.31 W |  89 C  |  42 C  | 46.97 W |  89 C  |  43 C  | 71.21 W |  89 C  |  43 C  | 71.19 W |  89 C  
2025-08-14 17:47:45|  43 C  | 73.59 W |  89 C  |  41 C  | 45.54 W |  89 C  |  40 C  | 68.43 W |  89 C  |  43 C  | 45.74 W |  89 C  |  41 C  | 71.72 W |  89 C  |  40 C  | 46.68 W |  89 C  |  41 C  | 48.37 W |  89 C  |  41 C  | 46.77 W |  89 C  
2025-08-14 17:47:47|  50 C  | 302.82 W |  89 C  |  41 C  | 67.08 W |  89 C  |  40 C  | 68.65 W |  89 C  |  43 C  | 66.20 W |  89 C  |  47 C  | 299.98 W |  89 C  |  40 C  | 67.74 W |  89 C  |  41 C  | 74.39 W |  89 C  |  41 C  | 71.49 W |  89 C  
2025-08-14 17:47:51|  51 C  | 289.61 W |  89 C  |  40 C  | 66.30 W |  89 C  |  39 C  | 343.91 W |  89 C  |  42 C  | 66.46 W |  89 C  |  48 C  | 281.81 W |  89 C  |  40 C  | 67.51 W |  89 C  |  40 C  | 70.82 W |  89 C  |  40 C  | 69.57 W |  89 C  
2025-08-14 17:47:53|  52 C  | 296.72 W |  89 C  |  47 C  | 306.71 W |  89 C  |  46 C  | 304.76 W |  89 C  |  50 C  | 297.97 W |  89 C  |  49 C  | 302.32 W |  89 C  |  46 C  | 299.16 W |  89 C  |  47 C  | 248.91 W |  89 C  |  46 C  | 284.81 W |  89 C  
2025-08-14 17:47:56|  52 C  | 299.19 W |  89 C  |  48 C  | 301.55 W |  89 C  |  47 C  | 301.23 W |  89 C  |  50 C  | 310.83 W |  89 C  |  50 C  | 302.51 W |  89 C  |  48 C  | 300.01 W |  89 C  |  48 C  | 307.18 W |  89 C  |  48 C  | 295.78 W |  89 C  
2025-08-14 17:47:58|  53 C  | 284.70 W |  89 C  |  48 C  | 313.02 W |  89 C  |  48 C  | 289.52 W |  89 C  |  51 C  | 304.56 W |  89 C  |  50 C  | 300.25 W |  89 C  |  48 C  | 281.95 W |  89 C  |  49 C  | 293.14 W |  89 C  |  48 C  | 305.65 W |  89 C  
2025-08-14 17:48:01|  54 C  | 291.65 W |  89 C  |  49 C  | 297.36 W |  89 C  |  49 C  | 308.87 W |  89 C  |  52 C  | 309.17 W |  89 C  |  51 C  | 305.35 W |  89 C  |  49 C  | 288.73 W |  89 C  |  50 C  | 306.67 W |  89 C  |  49 C  | 308.21 W |  89 C  
2025-08-14 17:48:03|  54 C  | 288.74 W |  89 C  |  50 C  | 309.93 W |  89 C  |  49 C  | 316.68 W |  89 C  |  53 C  | 287.05 W |  89 C  |  51 C  | 306.82 W |  89 C  |  50 C  | 296.76 W |  89 C  |  50 C  | 301.31 W |  89 C  |  50 C  | 300.38 W |  89 C  
2025-08-14 17:48:06|  55 C  | 313.17 W |  89 C  |  50 C  | 297.84 W |  89 C  |  50 C  | 299.40 W |  89 C  |  53 C  | 304.88 W |  89 C  |  52 C  | 294.17 W |  89 C  |  50 C  | 296.00 W |  89 C  |  51 C  | 296.22 W |  89 C  |  50 C  | 283.06 W |  89 C  
2025-08-14 17:48:08|  55 C  | 276.66 W |  89 C  |  51 C  | 302.92 W |  89 C  |  51 C  | 274.90 W |  89 C  |  54 C  | 305.16 W |  89 C  |  52 C  | 290.76 W |  89 C  |  51 C  | 283.38 W |  89 C  |  51 C  | 302.27 W |  89 C  |  51 C  | 300.95 W |  89 C  
2025-08-14 17:48:10|  56 C  | 317.97 W |  89 C  |  51 C  | 313.30 W |  89 C  |  51 C  | 290.01 W |  89 C  |  54 C  | 310.27 W |  89 C  |  53 C  | 300.94 W |  89 C  |  51 C  | 310.37 W |  89 C  |  52 C  | 305.31 W |  89 C  |  52 C  | 303.21 W |  89 C  
2025-08-14 17:48:13|  56 C  | 295.11 W |  89 C  |  52 C  | 308.00 W |  89 C  |  51 C  | 305.55 W |  89 C  |  55 C  | 286.75 W |  89 C  |  53 C  | 303.89 W |  89 C  |  52 C  | 291.13 W |  89 C  |  52 C  | 310.89 W |  89 C  |  52 C  | 300.57 W |  89 C  
2025-08-14 17:48:15|  56 C  | 297.16 W |  89 C  |  52 C  | 283.64 W |  89 C  |  52 C  | 294.39 W |  89 C  |  55 C  | 311.72 W |  89 C  |  53 C  | 292.26 W |  89 C  |  52 C  | 309.71 W |  89 C  |  53 C  | 311.79 W |  89 C  |  52 C  | 293.70 W |  89 C  
2025-08-14 17:48:18|  57 C  | 294.33 W |  89 C  |  53 C  | 286.56 W |  89 C  |  52 C  | 284.13 W |  89 C  |  56 C  | 308.18 W |  89 C  |  54 C  | 291.55 W |  89 C  |  53 C  | 293.56 W |  89 C  |  53 C  | 291.10 W |  89 C  |  53 C  | 286.40 W |  89 C  
2025-08-14 17:48:20|  57 C  | 308.77 W |  89 C  |  53 C  | 289.83 W |  89 C  |  52 C  | 304.29 W |  89 C  |  56 C  | 289.96 W |  89 C  |  54 C  | 294.69 W |  89 C  |  53 C  | 301.87 W |  89 C  |  54 C  | 281.76 W |  89 C  |  53 C  | 300.57 W |  89 C  
2025-08-14 17:48:23|  58 C  | 292.24 W |  89 C  |  54 C  | 276.16 W |  89 C  |  53 C  | 279.99 W |  89 C  |  56 C  | 292.05 W |  89 C  |  55 C  | 293.03 W |  89 C  |  53 C  | 307.07 W |  89 C  |  54 C  | 303.85 W |  89 C  |  54 C  | 283.74 W |  89 C  
2025-08-14 17:48:25|  58 C  | 287.77 W |  89 C  |  54 C  | 305.48 W |  89 C  |  54 C  | 288.24 W |  89 C  |  57 C  | 307.42 W |  89 C  |  55 C  | 289.48 W |  89 C  |  54 C  | 297.79 W |  89 C  |  54 C  | 312.67 W |  89 C  |  54 C  | 300.68 W |  89 C  
2025-08-14 17:48:27|  58 C  | 303.11 W |  89 C  |  54 C  | 309.09 W |  89 C  |  54 C  | 290.10 W |  89 C  |  57 C  | 309.66 W |  89 C  |  55 C  | 290.10 W |  89 C  |  54 C  | 301.87 W |  89 C  |  55 C  | 306.00 W |  89 C  |  54 C  | 309.32 W |  89 C  
2025-08-14 17:48:30|  58 C  | 299.49 W |  89 C  |  54 C  | 306.66 W |  89 C  |  54 C  | 285.68 W |  89 C  |  57 C  | 304.38 W |  89 C  |  55 C  | 314.24 W |  89 C  |  54 C  | 300.51 W |  89 C  |  55 C  | 292.78 W |  89 C  |  54 C  | 306.84 W |  89 C  
2025-08-14 17:48:32|  59 C  | 307.71 W |  89 C  |  55 C  | 296.56 W |  89 C  |  54 C  | 295.75 W |  89 C  |  58 C  | 306.54 W |  89 C  |  56 C  | 284.31 W |  89 C  |  55 C  | 289.92 W |  89 C  |  55 C  | 296.79 W |  89 C  |  55 C  | 309.07 W |  89 C  
2025-08-14 17:48:35|  59 C  | 291.77 W |  89 C  |  55 C  | 303.63 W |  89 C  |  55 C  | 300.85 W |  89 C  |  58 C  | 299.98 W |  89 C  |  56 C  | 294.10 W |  89 C  |  55 C  | 306.36 W |  89 C  |  56 C  | 283.94 W |  89 C  |  55 C  | 291.20 W |  89 C  
2025-08-14 17:48:37|  59 C  | 309.57 W |  89 C  |  55 C  | 296.10 W |  89 C  |  55 C  | 298.02 W |  89 C  |  58 C  | 298.10 W |  89 C  |  56 C  | 273.12 W |  89 C  |  55 C  | 294.82 W |  89 C  |  56 C  | 312.39 W |  89 C  |  56 C  | 314.43 W |  89 C  
2025-08-14 17:48:39|  59 C  | 298.33 W |  89 C  |  55 C  | 306.65 W |  89 C  |  55 C  | 301.25 W |  89 C  |  59 C  | 301.74 W |  89 C  |  56 C  | 290.86 W |  89 C  |  56 C  | 300.72 W |  89 C  |  56 C  | 308.18 W |  89 C  |  56 C  | 307.33 W |  89 C  
2025-08-14 17:48:42|  59 C  | 300.48 W |  89 C  |  56 C  | 291.01 W |  89 C  |  55 C  | 310.25 W |  89 C  |  59 C  | 300.46 W |  89 C  |  57 C  | 310.94 W |  89 C  |  56 C  | 288.87 W |  89 C  |  56 C  | 305.73 W |  89 C  |  56 C  | 294.13 W |  89 C  
2025-08-14 17:48:44|  60 C  | 296.47 W |  89 C  |  56 C  | 295.33 W |  89 C  |  56 C  | 303.98 W |  89 C  |  59 C  | 302.85 W |  89 C  |  57 C  | 302.34 W |  89 C  |  56 C  | 311.16 W |  89 C  |  56 C  | 305.41 W |  89 C  |  56 C  | 299.69 W |  89 C  
2025-08-14 17:48:46|  60 C  | 297.94 W |  89 C  |  56 C  | 306.76 W |  89 C  |  56 C  | 310.62 W |  89 C  |  59 C  | 308.28 W |  89 C  |  57 C  | 289.79 W |  89 C  |  56 C  | 295.71 W |  89 C  |  57 C  | 281.98 W |  89 C  |  56 C  | 307.05 W |  89 C  
2025-08-14 17:48:49|  60 C  | 308.57 W |  89 C  |  56 C  | 305.86 W |  89 C  |  56 C  | 295.20 W |  89 C  |  59 C  | 299.20 W |  89 C  |  57 C  | 283.81 W |  89 C  |  56 C  | 292.39 W |  89 C  |  57 C  | 308.26 W |  89 C  |  57 C  | 295.14 W |  89 C  
2025-08-14 17:48:51|  60 C  | 298.43 W |  89 C  |  56 C  | 304.91 W |  89 C  |  56 C  | 307.09 W |  89 C  |  60 C  | 288.81 W |  89 C  |  57 C  | 307.51 W |  89 C  |  56 C  | 292.27 W |  89 C  |  57 C  | 298.93 W |  89 C  |  57 C  | 314.94 W |  89 C  
2025-08-14 17:48:54|  60 C  | 310.24 W |  89 C  |  57 C  | 307.24 W |  89 C  |  56 C  | 303.51 W |  89 C  |  60 C  | 299.77 W |  89 C  |  57 C  | 306.62 W |  89 C  |  57 C  | 297.19 W |  89 C  |  57 C  | 306.51 W |  89 C  |  57 C  | 296.56 W |  89 C  
2025-08-14 17:48:56|  61 C  | 296.34 W |  89 C  |  57 C  | 291.39 W |  89 C  |  57 C  | 291.37 W |  89 C  |  60 C  | 291.61 W |  89 C  |  58 C  | 289.50 W |  89 C  |  57 C  | 290.82 W |  89 C  |  58 C  | 306.50 W |  89 C  |  57 C  | 300.86 W |  89 C  
2025-08-14 17:48:58|  61 C  | 296.25 W |  89 C  |  57 C  | 304.68 W |  89 C  |  57 C  | 305.74 W |  89 C  |  60 C  | 298.38 W |  89 C  |  58 C  | 301.04 W |  89 C  |  57 C  | 291.72 W |  89 C  |  58 C  | 308.16 W |  89 C  |  57 C  | 298.43 W |  89 C  
2025-08-14 17:49:01|  61 C  | 298.02 W |  89 C  |  57 C  | 290.67 W |  89 C  |  57 C  | 302.42 W |  89 C  |  60 C  | 310.22 W |  89 C  |  58 C  | 300.16 W |  89 C  |  57 C  | 285.74 W |  89 C  |  58 C  | 295.31 W |  89 C  |  57 C  | 312.21 W |  89 C  
2025-08-14 17:49:03|  61 C  | 299.87 W |  89 C  |  57 C  | 307.05 W |  89 C  |  57 C  | 297.16 W |  89 C  |  60 C  | 290.57 W |  89 C  |  58 C  | 314.53 W |  89 C  |  57 C  | 306.48 W |  89 C  |  58 C  | 295.22 W |  89 C  |  58 C  | 313.58 W |  89 C  
2025-08-14 17:49:05|  61 C  | 293.77 W |  89 C  |  58 C  | 281.89 W |  89 C  |  57 C  | 300.47 W |  89 C  |  60 C  | 284.58 W |  89 C  |  58 C  | 305.93 W |  89 C  |  57 C  | 305.80 W |  89 C  |  58 C  | 301.39 W |  89 C  |  58 C  | 308.81 W |  89 C  
2025-08-14 17:49:08|  61 C  | 308.10 W |  89 C  |  58 C  | 311.01 W |  89 C  |  57 C  | 275.48 W |  89 C  |  61 C  | 310.74 W |  89 C  |  58 C  | 298.30 W |  89 C  |  57 C  | 294.79 W |  89 C  |  58 C  | 290.32 W |  89 C  |  58 C  | 303.02 W |  89 C  
2025-08-14 17:49:10|  61 C  | 281.38 W |  89 C  |  58 C  | 293.22 W |  89 C  |  58 C  | 304.27 W |  89 C  |  61 C  | 295.17 W |  89 C  |  58 C  | 316.20 W |  89 C  |  58 C  | 293.97 W |  89 C  |  58 C  | 297.07 W |  89 C  |  58 C  | 282.46 W |  89 C  
2025-08-14 17:49:13|  61 C  | 306.54 W |  89 C  |  58 C  | 304.89 W |  89 C  |  58 C  | 309.46 W |  89 C  |  61 C  | 306.81 W |  89 C  |  58 C  | 301.74 W |  89 C  |  58 C  | 290.40 W |  89 C  |  59 C  | 299.46 W |  89 C  |  58 C  | 276.55 W |  89 C  
2025-08-14 17:49:15|  62 C  | 292.55 W |  89 C  |  58 C  | 308.21 W |  89 C  |  58 C  | 285.30 W |  89 C  |  61 C  | 295.28 W |  89 C  |  59 C  | 309.15 W |  89 C  |  58 C  | 291.39 W |  89 C  |  59 C  | 293.63 W |  89 C  |  58 C  | 300.47 W |  89 C  
2025-08-14 17:49:17|  62 C  | 302.11 W |  89 C  |  58 C  | 301.47 W |  89 C  |  58 C  | 302.41 W |  89 C  |  61 C  | 290.08 W |  89 C  |  59 C  | 290.08 W |  89 C  |  58 C  | 304.43 W |  89 C  |  59 C  | 301.48 W |  89 C  |  58 C  | 305.62 W |  89 C  
2025-08-14 17:49:20|  62 C  | 289.53 W |  89 C  |  58 C  | 284.45 W |  89 C  |  58 C  | 297.09 W |  89 C  |  61 C  | 308.20 W |  89 C  |  59 C  | 302.80 W |  89 C  |  58 C  | 307.55 W |  89 C  |  59 C  | 298.57 W |  89 C  |  58 C  | 292.94 W |  89 C  
2025-08-14 17:49:22|  62 C  | 288.73 W |  89 C  |  58 C  | 298.74 W |  89 C  |  58 C  | 287.36 W |  89 C  |  61 C  | 312.21 W |  89 C  |  59 C  | 290.57 W |  89 C  |  58 C  | 313.40 W |  89 C  |  59 C  | 306.31 W |  89 C  |  58 C  | 301.14 W |  89 C  
2025-08-14 17:49:24|  62 C  | 297.83 W |  89 C  |  58 C  | 297.07 W |  89 C  |  58 C  | 305.34 W |  89 C  |  62 C  | 296.55 W |  89 C  |  59 C  | 292.12 W |  89 C  |  58 C  | 297.59 W |  89 C  |  59 C  | 309.14 W |  89 C  |  59 C  | 311.81 W |  89 C  
2025-08-14 17:49:27|  62 C  | 307.49 W |  89 C  |  59 C  | 308.69 W |  89 C  |  58 C  | 291.48 W |  89 C  |  62 C  | 307.05 W |  89 C  |  59 C  | 301.17 W |  89 C  |  59 C  | 284.36 W |  89 C  |  59 C  | 299.15 W |  89 C  |  59 C  | 304.98 W |  89 C  
2025-08-14 17:49:29|  62 C  | 299.89 W |  89 C  |  59 C  | 290.72 W |  89 C  |  58 C  | 307.33 W |  89 C  |  62 C  | 294.59 W |  89 C  |  59 C  | 295.66 W |  89 C  |  59 C  | 291.70 W |  89 C  |  59 C  | 309.44 W |  89 C  |  59 C  | 299.01 W |  89 C  
2025-08-14 17:49:32|  62 C  | 304.48 W |  89 C  |  59 C  | 292.96 W |  89 C  |  58 C  | 307.60 W |  89 C  |  62 C  | 294.48 W |  89 C  |  59 C  | 307.21 W |  89 C  |  59 C  | 308.52 W |  89 C  |  59 C  | 274.53 W |  89 C  |  59 C  | 283.64 W |  89 C  
2025-08-14 17:49:34|  62 C  | 279.72 W |  89 C  |  59 C  | 294.11 W |  89 C  |  59 C  | 298.50 W |  89 C  |  62 C  | 288.12 W |  89 C  |  59 C  | 304.37 W |  89 C  |  59 C  | 314.39 W |  89 C  |  59 C  | 294.35 W |  89 C  |  59 C  | 312.61 W |  89 C  
2025-08-14 17:49:36|  62 C  | 305.55 W |  89 C  |  59 C  | 303.14 W |  89 C  |  59 C  | 299.09 W |  89 C  |  62 C  | 300.67 W |  89 C  |  59 C  | 291.45 W |  89 C  |  59 C  | 302.17 W |  89 C  |  59 C  | 308.15 W |  89 C  |  59 C  | 299.79 W |  89 C  
2025-08-14 17:49:39|  62 C  | 294.71 W |  89 C  |  59 C  | 307.34 W |  89 C  |  59 C  | 299.99 W |  89 C  |  62 C  | 292.45 W |  89 C  |  60 C  | 310.05 W |  89 C  |  59 C  | 287.39 W |  89 C  |  60 C  | 301.10 W |  89 C  |  59 C  | 306.65 W |  89 C  
2025-08-14 17:49:41|  63 C  | 314.92 W |  89 C  |  59 C  | 280.02 W |  89 C  |  59 C  | 307.60 W |  89 C  |  62 C  | 313.48 W |  89 C  |  60 C  | 299.09 W |  89 C  |  59 C  | 295.62 W |  89 C  |  59 C  | 306.69 W |  89 C  |  59 C  | 298.63 W |  89 C  
2025-08-14 17:49:43|  62 C  | 302.23 W |  89 C  |  59 C  | 307.62 W |  89 C  |  59 C  | 304.77 W |  89 C  |  62 C  | 286.23 W |  89 C  |  60 C  | 290.38 W |  89 C  |  59 C  | 302.36 W |  89 C  |  60 C  | 297.30 W |  89 C  |  59 C  | 305.16 W |  89 C  
2025-08-14 17:49:46|  63 C  | 288.14 W |  89 C  |  59 C  | 301.36 W |  89 C  |  59 C  | 307.88 W |  89 C  |  63 C  | 295.27 W |  89 C  |  60 C  | 303.44 W |  89 C  |  59 C  | 308.53 W |  89 C  |  60 C  | 300.61 W |  89 C  |  59 C  | 300.00 W |  89 C  
2025-08-14 17:49:48|  63 C  | 295.41 W |  89 C  |  59 C  | 299.31 W |  89 C  |  59 C  | 307.80 W |  89 C  |  63 C  | 297.51 W |  89 C  |  60 C  | 289.29 W |  89 C  |  59 C  | 305.29 W |  89 C  |  60 C  | 299.35 W |  89 C  |  60 C  | 294.89 W |  89 C  
2025-08-14 17:49:51|  63 C  | 277.96 W |  89 C  |  59 C  | 308.14 W |  89 C  |  59 C  | 314.53 W |  89 C  |  63 C  | 296.75 W |  89 C  |  60 C  | 293.60 W |  89 C  |  59 C  | 273.49 W |  89 C  |  60 C  | 299.95 W |  89 C  |  59 C  | 294.72 W |  89 C  
2025-08-14 17:49:53|  63 C  | 303.89 W |  89 C  |  59 C  | 299.15 W |  89 C  |  59 C  | 311.41 W |  89 C  |  63 C  | 285.96 W |  89 C  |  60 C  | 301.82 W |  89 C  |  59 C  | 294.55 W |  89 C  |  60 C  | 307.08 W |  89 C  |  60 C  | 294.11 W |  89 C  
2025-08-14 17:49:55|  63 C  | 285.81 W |  89 C  |  59 C  | 305.78 W |  89 C  |  59 C  | 301.23 W |  89 C  |  63 C  | 292.61 W |  89 C  |  60 C  | 306.43 W |  89 C  |  59 C  | 289.66 W |  89 C  |  60 C  | 289.33 W |  89 C  |  60 C  | 315.82 W |  89 C  
2025-08-14 17:49:58|  63 C  | 296.57 W |  89 C  |  59 C  | 297.74 W |  89 C  |  59 C  | 306.52 W |  89 C  |  63 C  | 278.59 W |  89 C  |  60 C  | 286.74 W |  89 C  |  59 C  | 287.77 W |  89 C  |  60 C  | 298.66 W |  89 C  |  60 C  | 309.17 W |  89 C  
